Year,Type,Title,Description
2026,Fellowship,"Mercatus Fellowship, Mercatus Center (George Mason University)","Selected for the 2026–2027 fellowship focusing on political economy approaches to institutions, governance, knowledge, AI, and emerging technologies."
2026,Service,"Graduate Student Representative, Data Governance Committee, UCLA","Appointed by the Graduate Students Association to advise campus-wide governance of institutional data, focusing on access, classification, privacy, security, and stewardship."
2026,Panel,"Panelist, Teaching & Learning Center Symposium: Adapting Instruction in the Age of AI, UCLA","Panel on Ethics, Integrity, & Equity: What Do We Gain & Lose with GenAI in Higher Ed? Contributing perspective on AI, collective intelligence, and governance in sociotechnical systems."
2026,Panel,"Panelist, Building AI for Classical Liberal Alignment, Institute for Humane Studies (George Mason University) / Positive AI Labs","Invited to an honorarium-supported scholarly convening on pluralistic AI alignment, moral reasoning, humane judgment, and AI evaluation frameworks."
2026,Publication,The Geometry of Decision-Making in DAOs,"Preprint under review, available at SSRN. An information-theoretic mapping of consensus and disagreement in decentralized token voting across 277 DAOs, developed from the Berkeley RDI AI & Decentralization Innovation Award."
2026,Fellowship,"Alexis de Tocqueville Fellowship, Mercatus Center (George Mason University)","Selected for a competitive fellowship exploring the intersection of Bitcoin, political economy, and philosophy through Hayek, Smith, Tocqueville, and White."
2026,Teaching,"Teaching Assistant, UCLA (INF STD 20 – Digital Cultures and Societies)","Supporting instruction in a large interdisciplinary undergraduate course on technology, media, and society, leading discussion sections and guest lectures and advising group midterm projects."
2026,Award,"Center for Digital Assets Research Award, UC Berkeley (Center for Digital Assets)","Awarded competitive research funding for work at the intersection of AI, digital twins, blockchain governance, and political theory. Funding supports empirical analysis, agent-based governance simulations, and design research on collective decision-making systems in digital communities."
2024,Grant,"GSE Predoctoral Research Grant, Social Science Research Council – Mellon Mays","Awarded competitive funding through the SSRC – Mellon Graduate Initiatives Program for doctoral research. Project: Critical-Mechanical Fabulation: Can Convolutional Neural Nets (CNNs) help us recover historical artefacts lost to colonialism?"
